mol,epochs,random_seed,mae,mse,r2,pearson
all,300,6547,0.13610585033893585,0.04447858780622482,0.2108994722366333,0.9005468922116888,0.9491692928253562
